{
    "SemLogNum": [0.38521018531780404, 0.16736172795650828],
    "SemLogFoLexNum": [0.37979914760268574, 0.1733956006557624],
    "SemLogFoLex": [0.37815592677126086, 0.16501889489092927],
    "SemLogFoNum": [0.37615214806583885, 0.18437829123922714],
    "SemLogLexNum": [0.37239355393826384, 0.1532995594596717],
    "SemLogFo": [0.37020940353047094, 0.17979155345483344],
    "SemNum": [0.36816747057400434, 0.16675404595773602],
    "SemFoLexNum": [0.3678739135337878, 0.17291210780313718],
    "SemFoLex": [0.36642415280029283, 0.1649596558918482],
    "SemFoNum": [0.358897921687304, 0.1828853026252369],
    "SemLexNum": [0.35474230326111483, 0.15093169168084805],
    "SemFo": [0.353190162274316, 0.18023170605904887],
    "SemLog": [0.3450781636078431, 0.16379846085040914],
    "SemLogLex": [0.33770685095438724, 0.14726186111740092],
    "Sem": [0.3248907496830151, 0.1609291653296177],
    "SemLex": [0.3218773324550692, 0.14392619995378558],
    "LogFoLexNum": [0.2611293992590665, 0.14022859350319586],
    "LogFoLex": [0.254425055275409, 0.1385932138590588],
    "LogLexNum": [0.25258628677484085, 0.12788842882909657],
    "FoLexNum": [0.24442865850814247, 0.13519481351171284],
    "FoLex": [0.23685276649060213, 0.1317007104125327],
    "LogFoNum": [0.235664074587592, 0.14376129591955275],
    "LexNum": [0.23477832920131658, 0.12187989003769069],
    "LogNum": [0.23426746868458517, 0.13509446164076247],
    "LogFo": [0.21760121344348282, 0.14029461861770406],
    "FoNum": [0.21386794035620155, 0.13528788298935351],
    "Num": [0.21117473510397525, 0.12992186399913996],
    "LogLex": [0.2025030387394377, 0.11263309468073408],
    "Fo": [0.1945941700002227, 0.1323460882832439],
    "Lex": [0.18755171135988072, 0.10694966524979717],
    "Log": [0.17326651555649875, 0.13250998238210507]
}