{"FoLexNum": [1.7032645975263585, 0.6441940300354433],
 "FoLexLogNum": [1.6232740348977615, 0.5372045850264175],
 "FoLexNumSem": [1.615493722673554, 0.5068550585709319],
 "FoLexLogNumSem": [1.5749189652627555, 0.45334348474094405],
 "FoLogNumSem": [1.4240134647839657, 0.35768552598586284],
 "FoLogNum": [1.4051535153449357, 0.35541407871556463],
 "FoNumSem": [1.3789508355344267, 0.3251786761427565],
 "LexNum": [1.3742896610276478, 0.2831050584945364],
 "LexLogNum": [1.3644068621139802, 0.2732749239256187],
 "LexNumSem": [1.3565987592564597, 0.26808107930463343],
 "LexLogNumSem": [1.3388428915965755, 0.24900476822715492],
 "FoNum": [1.3221773776133416, 0.2779149047570621],
 "FoLexLogSem": [1.3098883406134603, 0.22438893438971233],
 "FoLexSem": [1.3035625863533826, 0.21947127192021879],
 "FoLexLog": [1.3007152596555007, 0.2246377093075642],
 "FoLex": [1.292920012527711, 0.21416972610770246],
 "LexLogSem": [1.2657055437218656, 0.20515780523292768],
 "LexSem": [1.2631850500672461, 0.20286278724100767],
 "Lex": [1.241078058906797, 0.20226656906227125],
 "LexLog": [1.2405390964795462, 0.20143832451489388],
 "LogNumSem": [1.2394347430073374, 0.17629842836161158],
 "LogNum": [1.2253210540881772, 0.18514725691812714],
 "NumSem": [1.2107489027735183, 0.16022686749065573],
 "FoLogSem": [1.1984994876956063, 0.1394892542360309],
 "Num": [1.1923565173563917, 0.149198890383013],
 "FoSem": [1.1826639350867516, 0.13821591568121266],
 "FoLog": [1.1756400808299965, 0.13701849020695792],
 "Fo": [1.1491247674323601, 0.11053551464019207],
 "LogSem": [1.1406731973344535, 0.10744076668541165],
 "Sem": [1.1144845318217385, 0.09134875022194426],
 "Log": [1.1031706538161539, 0.08469120763433959],
 "Empty": [1.0, 0.0]}