{"FoLexNum": [1.6841940510031739, 0.6706035768702805],
 "FoLexLogNum": [1.5938209743737313, 0.5455124849030244],
 "FoLexNumSem": [1.567164222253634, 0.4824215561866946],
 "FoLexLogNumSem": [1.5558648901057053, 0.46975924700801325],
 "FoLogNumSem": [1.4408410330565373, 0.38668208270017645],
 "FoNumSem": [1.3892932719595588, 0.35760004028779896],
 "FoLogNum": [1.3837287794031057, 0.34637780103886673],
 "FoNum": [1.3338613410047484, 0.31443062300022334],
 "LexNum": [1.320462190678617, 0.24629651025317634],
 "LexLogNum": [1.3103062573253816, 0.23532451510027652],
 "LexLogNumSem": [1.306929306960456, 0.2332905819612372],
 "FoLex": [1.2949911531087361, 0.22755281577051453],
 "FoLexLog": [1.2919079726780425, 0.21942758829046166],
 "LexNumSem": [1.2806339822628148, 0.2020897497749081],
 "FoLexSem": [1.2742919921536735, 0.200100661591259],
 "FoLexLogSem": [1.2700660487792879, 0.19178516846744578],
 "LexLogSem": [1.2515481988902584, 0.20196567537004934],
 "LexLog": [1.227930694956222, 0.18710851682050086],
 "LexSem": [1.2229878059508894, 0.16973710471190886],
 "Lex": [1.218179657901126, 0.17584129540044022],
 "LogNumSem": [1.2004123373358782, 0.14406324831083056],
 "LogNum": [1.1855186752164555, 0.14576480749973278],
 "FoLogSem": [1.1811647824374543, 0.13523029973662531],
 "NumSem": [1.1780791329542868, 0.13733414929998064],
 "FoSem": [1.1680926836637426, 0.12371830248594438],
 "Num": [1.162451207175656, 0.1231266092942081],
 "FoLog": [1.1596501012122167, 0.1225094399325263],
 "Fo": [1.1454097130094385, 0.11217459501570147],
 "LogSem": [1.1384713576583292, 0.10743022722367812],
 "Sem": [1.1148809130004578, 0.09216542913255936],
 "Log": [1.099150923660178, 0.08022142855663529],
 "Empty": [1.0, 0.0]}