{
    "SemLogFoLexNum": 0.33032368803303774,
    "SemLogFoLex": 0.3279662492613896,
    "SemLogNum": 0.3250998220206835,
    "SemLogFoNum": 0.3250306610599934,
    "SemFoLexNum": 0.319829908322398,
    "SemFoLex": 0.31764362984711525,
    "SemLogLexNum": 0.3174920147557576,
    "SemLogFo": 0.31667231442529997,
    "SemNum": 0.31094453096579916,
    "SemFoNum": 0.3099319022595381,
    "SemFo": 0.30202839620352173,
    "SemLexNum": 0.30145205740005543,
    "SemLog": 0.2862949073062036,
    "SemLogLex": 0.28225684916754723,
    "SemLex": 0.26815506781355664,
    "Sem": 0.26743652228919507,
    "LogFoLexNum": 0.22242263980918345,
    "LogFoLex": 0.21632580546088043,
    "LogLexNum": 0.21187451633317614,
    "FoLexNum": 0.20812035184736538,
    "FoLex": 0.20141503709070027,
    "LexNum": 0.1963912997673322,
    "LogFoNum": 0.1961137214933391,
    "LogNum": 0.18853943961001682,
    "LogFo": 0.1788895161941736,
    "FoNum": 0.17615488756875833,
    "Num": 0.16968997854355053,
    "LogLex": 0.1674304500063813,
    "Fo": 0.15883948702874123,
    "Lex": 0.15393219724383392,
    "Log": 0.13211949825653113
}